{"cameraMode":{"drawMode":0,"name":"Shaded","section":"Shading Mode"},"sceneLighting":true,"audioPlay":false,"sceneViewState":{"m_AlwaysRefresh":false,"showFog":true,"showSkybox":true,"showFlares":true,"showImageEffects":true,"showParticleSystems":true,"showVisualEffectGraphs":true,"m_FxEnabled":true},"in2DMode":false,"pivot":{"x":-14.346333503723145,"y":1.4467687606811524,"z":-30.831144332885743},"rotation":{"x":0.03535512462258339,"y":-0.8164387345314026,"z":0.05027439072728157,"w":0.5741537809371948},"size":12.23149299621582,"orthographic":false}